{
  "built_utc": "2026-07-18T19:14:48.960817+00:00",
  "formula": "S = K*(T1+T2+T3)",
  "eps_f64": 1e-10,
  "eps_mp50_to_f64": 1e-12,
  "constants": {
    "pi": 3.141592653589793,
    "e": 2.718281828459045,
    "phi": 1.618033988749895,
    "gamma": 0.5772156649015329,
    "G_cat": 0.915965594177219,
    "alpha": 0.0008082937414140405,
    "psi_con": 0.6321205588285577,
    "eta_eff": 0.46694220692425986,
    "beta": 2.620866911333223e-17,
    "gamma_c": -0.4283885167922066,
    "omega": 1.2941305780559662,
    "theta_s": 0.29089654054517305,
    "poof": 0.1534822148944508,
    "c_eff": 0.9577022026205613,
    "a_bleed": 1.046973630587551,
    "p_var": 0.9579871226722757,
    "b_in": 0.7879407922764435,
    "a_in": 1.6668538450045731,
    "suction": 0.14703398542810284,
    "chaos": -0.33102418261048183,
    "p_base": 0.21234577623937842,
    "p_new": 0.30030227667037146,
    "c_factor": 0.28760015181918397,
    "K": 0.4202216641606967
  },
  "fixtures": [
    {
      "domain": "linguistic",
      "inputs": {
        "N": 1.0,
        "P": 1.0,
        "D_eff": 12.0,
        "recent_hits": 0.0,
        "delta_psi": 0.8,
        "delta_theta": 1.0,
        "rho": 1.0,
        "scale": 1.0,
        "amplitude": 1.0,
        "trend_bias": 0.0,
        "observed": true
      },
      "panel": {
        "S": 0.6513247618848969,
        "T1": 0.5499552199094241,
        "T2": 1.0,
        "T3": 1.7070633668184452e-17,
        "K": 0.4202216641606967,
        "raw": 1.5499552199094242,
        "quirk_mod": -0.2451324643541674,
        "growth": 1.0002883913967908
      },
      "step_ids": [
        "pi",
        "e",
        "phi",
        "gamma",
        "G_cat",
        "alpha",
        "psi_con",
        "eta_eff",
        "beta",
        "gamma_c",
        "omega",
        "theta_s",
        "poof",
        "c_eff",
        "a_bleed",
        "p_var",
        "b_in",
        "a_in",
        "suction",
        "chaos",
        "p_base",
        "p_new",
        "c_factor",
        "K",
        "N",
        "P",
        "D_eff",
        "recent_hits",
        "delta_psi",
        "delta_theta",
        "rho",
        "observed",
        "growth",
        "np_sqrtD",
        "cos_psi",
        "exp_damp",
        "coh_term",
        "base",
        "d_scale",
        "quirk_mod",
        "T1",
        "T2",
        "chaos_mod",
        "poof_mod",
        "valve",
        "acoustic",
        "phase",
        "T3",
        "raw",
        "S"
      ],
      "K": 0.4202216641606967,
      "S": 0.6513247618848969,
      "T1": 0.5499552199094241,
      "T2": 1.0,
      "T3": 1.7070633668184452e-17
    },
    {
      "domain": "historical",
      "inputs": {
        "N": 1.0,
        "P": 1.0,
        "D_eff": 21.0,
        "recent_hits": 0.0,
        "delta_psi": 0.8,
        "delta_theta": 1.0,
        "rho": 1.0,
        "scale": 1.0,
        "amplitude": 1.0,
        "trend_bias": 0.0,
        "observed": true
      },
      "panel": {
        "S": 0.6325783360136283,
        "T1": 0.5053444169211716,
        "T2": 1.0,
        "T3": 1.1592239677320022e-17,
        "K": 0.4202216641606967,
        "raw": 1.5053444169211716,
        "quirk_mod": -0.2451324643541674,
        "growth": 1.0002883913967908
      },
      "step_ids": [
        "pi",
        "e",
        "phi",
        "gamma",
        "G_cat",
        "alpha",
        "psi_con",
        "eta_eff",
        "beta",
        "gamma_c",
        "omega",
        "theta_s",
        "poof",
        "c_eff",
        "a_bleed",
        "p_var",
        "b_in",
        "a_in",
        "suction",
        "chaos",
        "p_base",
        "p_new",
        "c_factor",
        "K",
        "N",
        "P",
        "D_eff",
        "recent_hits",
        "delta_psi",
        "delta_theta",
        "rho",
        "observed",
        "growth",
        "np_sqrtD",
        "cos_psi",
        "exp_damp",
        "coh_term",
        "base",
        "d_scale",
        "quirk_mod",
        "T1",
        "T2",
        "chaos_mod",
        "poof_mod",
        "valve",
        "acoustic",
        "phase",
        "T3",
        "raw",
        "S"
      ],
      "K": 0.4202216641606967,
      "S": 0.6325783360136283,
      "T1": 0.5053444169211716,
      "T2": 1.0,
      "T3": 1.1592239677320022e-17
    },
    {
      "domain": "mythological",
      "inputs": {
        "N": 1.0,
        "P": 1.0,
        "D_eff": 21.0,
        "recent_hits": 0.0,
        "delta_psi": 0.8,
        "delta_theta": 1.0,
        "rho": 1.0,
        "scale": 1.0,
        "amplitude": 1.0,
        "trend_bias": 0.0,
        "observed": true
      },
      "panel": {
        "S": 0.6325783360136283,
        "T1": 0.5053444169211716,
        "T2": 1.0,
        "T3": 1.1592239677320022e-17,
        "K": 0.4202216641606967,
        "raw": 1.5053444169211716,
        "quirk_mod": -0.2451324643541674,
        "growth": 1.0002883913967908
      },
      "step_ids": [
        "pi",
        "e",
        "phi",
        "gamma",
        "G_cat",
        "alpha",
        "psi_con",
        "eta_eff",
        "beta",
        "gamma_c",
        "omega",
        "theta_s",
        "poof",
        "c_eff",
        "a_bleed",
        "p_var",
        "b_in",
        "a_in",
        "suction",
        "chaos",
        "p_base",
        "p_new",
        "c_factor",
        "K",
        "N",
        "P",
        "D_eff",
        "recent_hits",
        "delta_psi",
        "delta_theta",
        "rho",
        "observed",
        "growth",
        "np_sqrtD",
        "cos_psi",
        "exp_damp",
        "coh_term",
        "base",
        "d_scale",
        "quirk_mod",
        "T1",
        "T2",
        "chaos_mod",
        "poof_mod",
        "valve",
        "acoustic",
        "phase",
        "T3",
        "raw",
        "S"
      ],
      "K": 0.4202216641606967,
      "S": 0.6325783360136283,
      "T1": 0.5053444169211716,
      "T2": 1.0,
      "T3": 1.1592239677320022e-17
    },
    {
      "domain": "quantum",
      "inputs": {
        "N": 1.0,
        "P": 1.0,
        "D_eff": 6.0,
        "recent_hits": 0.0,
        "delta_psi": 1.0,
        "delta_theta": 1.0,
        "rho": 1.0,
        "scale": 1.0,
        "amplitude": 1.0,
        "trend_bias": 0.0,
        "observed": true
      },
      "panel": {
        "S": 0.9555063001027196,
        "T1": 1.2738149448128526,
        "T2": 1.0,
        "T3": 1.9990920171588205e-17,
        "K": 0.4202216641606967,
        "raw": 2.2738149448128526,
        "quirk_mod": -0.4973642445479001,
        "growth": 1.0002883913967908
      },
      "step_ids": [
        "pi",
        "e",
        "phi",
        "gamma",
        "G_cat",
        "alpha",
        "psi_con",
        "eta_eff",
        "beta",
        "gamma_c",
        "omega",
        "theta_s",
        "poof",
        "c_eff",
        "a_bleed",
        "p_var",
        "b_in",
        "a_in",
        "suction",
        "chaos",
        "p_base",
        "p_new",
        "c_factor",
        "K",
        "N",
        "P",
        "D_eff",
        "recent_hits",
        "delta_psi",
        "delta_theta",
        "rho",
        "observed",
        "growth",
        "np_sqrtD",
        "cos_psi",
        "exp_damp",
        "coh_term",
        "base",
        "d_scale",
        "quirk_mod",
        "T1",
        "T2",
        "chaos_mod",
        "poof_mod",
        "valve",
        "acoustic",
        "phase",
        "T3",
        "raw",
        "S"
      ],
      "K": 0.4202216641606967,
      "S": 0.9555063001027196,
      "T1": 1.2738149448128526,
      "T2": 1.0,
      "T3": 1.9990920171588205e-17
    },
    {
      "domain": "cosmological",
      "inputs": {
        "N": 1.0,
        "P": 1.0,
        "D_eff": 25.0,
        "recent_hits": 0.0,
        "delta_psi": 1.0,
        "delta_theta": 1.0,
        "rho": 1.0,
        "scale": 1.0,
        "amplitude": 1.0,
        "trend_bias": 0.0,
        "observed": false
      },