{
  "built_utc": "2026-07-21T14:16:57.861604+00:00",
  "runtime_sec": 25.48,
  "supervised_stems": true,
  "train_keys": 5404145,
  "open_set": {
    "n": 20000,
    "exact_rate": 0.96445,
    "partial_rate": 0.9665
  },
  "by_lang": {
    "la": {
      "n": 10860,
      "exact_rate": 0.9968692449355433,
      "partial_rate": 0.9992633517495396
    },
    "grc": {
      "n": 3166,
      "exact_rate": 0.9823120656980417,
      "partial_rate": 0.9845230574857865
    },
    "ang": {
      "n": 1989,
      "exact_rate": 0.975867269984917,
      "partial_rate": 0.9768728004022121
    },
    "ar": {
      "n": 819,
      "exact_rate": 0.7973137973137974,
      "partial_rate": 0.7985347985347986
    },
    "got": {
      "n": 633,
      "exact_rate": 0.9731437598736177,
      "partial_rate": 0.9747235387045814
    },
    "he": {
      "n": 417,
      "exact_rate": 0.8321342925659473,
      "partial_rate": 0.8321342925659473
    },
    "san": {
      "n": 410,
      "exact_rate": 0.8390243902439024,
      "partial_rate": 0.8390243902439024
    },
    "non": {
      "n": 406,
      "exact_rate": 0.9113300492610837,
      "partial_rate": 0.9137931034482759
    },
    "fa": {
      "n": 240,
      "exact_rate": 0.7958333333333333,
      "partial_rate": 0.8
    },
    "en": {
      "n": 228,
      "exact_rate": 0.9912280701754386,
      "partial_rate": 0.9956140350877193
    },
    "sga": {
      "n": 203,
      "exact_rate": 0.8866995073891626,
      "partial_rate": 0.8916256157635468
    },
    "cu": {
      "n": 200,
      "exact_rate": 0.96,
      "partial_rate": 0.96
    },
    "egy": {
      "n": 152,
      "exact_rate": 0.5131578947368421,
      "partial_rate": 0.5131578947368421
    },
    "cop": {
      "n": 104,
      "exact_rate": 0.8942307692307693,
      "partial_rate": 0.8942307692307693
    },
    "arc": {
      "n": 98,
      "exact_rate": 0.6938775510204082,
      "partial_rate": 0.6938775510204082
    },
    "akk": {
      "n": 59,
      "exact_rate": 0.711864406779661,
      "partial_rate": 0.711864406779661
    },
    "syc": {
      "n": 9,
      "exact_rate": 0.7777777777777778,
      "partial_rate": 0.7777777777777778
    },
    "sum": {
      "n": 4,
      "exact_rate": 0.75,
      "partial_rate": 0.75
    },
    "hit": {
      "n": 3,
      "exact_rate": 0.6666666666666666,
      "partial_rate": 0.6666666666666666
    }
  },
  "note": "Supervised stem densify uses held-out gold ONLY for stems/peels, never exact form keys. Fast path for morph climb."
}