{
  "built_utc": "2026-07-23T23:31:02.256508+00:00",
  "mission": "FSOT seed-only linguistics domain rank",
  "formula": "S = K*(T1+T2+T3)",
  "pin": "D1D38A",
  "pin_ok": true,
  "authority_path": "I:\\FSOT-Physical-Archive\\02_FSOT-2.1-Lean-Full\\vendor\\fsot_compute.py",
  "seeds_used": {
    "K": 0.4202216641606967,
    "PHI": 1.618033988749895,
    "E": 2.718281828459045,
    "C_EFF": 0.9577022026205613,
    "GAMMA": 0.5772156649015329,
    "D_eff_domain": 12.0,
    "domain_delta_psi": 0.08,
    "domain_delta_theta": 1.0,
    "breath_target": 4.398272389447946,
    "golden_split_w_nll": 0.6180339887498949,
    "golden_split_w_gen": 0.38196601125010515
  },
  "no_free_parameters": true,
  "no_llm_judge": true,
  "n": 3003,
  "mean_S": 0.7355770371150036,
  "agree_S_vs_gen_pct": 81.78,
  "results": {
    "FSOT_product_S": {
      "sacrebleu": 36.83,
      "chrf": 61.93,
      "note": "argmax archive S under seed-only map"
    },
    "FSOT_product_lin": {
      "sacrebleu": 36.85,
      "note": "argmax T1*C_EFF+T2+T3/PHI (seed constants)"
    },
    "student_gen_max": {
      "sacrebleu": 36.79,
      "note": "NLLB-3.3B gen \u2014 student baseline NOT product"
    }
  },
  "best_product": {
    "name": "FSOT_product_lin",
    "sacrebleu": 36.85
  },
  "gap_to_DeepL_mid40": 3.15,
  "gap_to_student_gen": -0.06,
  "puzzle_study": {
    "n_clear_gold": 1344,
    "mean_S_when_hyp_good": 0.8159725971868903,
    "mean_S_when_hyp_worst": 0.7030231342730047,
    "mean_T1_good": 0.3831771584789129,
    "mean_T1_worst": 0.29187385771560104,
    "note": "When a candidate already aligns with gold (sb\u22650.45), observe its panel. Good hyps should show higher S than worst in same pool if the map is right. No free-fit \u2014 diagnostic for arranging seeds only.",
    "S_separation": 0.11294946291388563
  },
  "samples": [
    {
      "i": 0,
      "S": 1.205626677880589,
      "T1": 1.0497554756756473,
      "T2": 1.8192700427696513,
      "T3": 1.55696567838791e-16,
      "pick_S": "Gutach: Even more safety for pedestrians",
      "gold_best_same": false,
      "gen_same": false
    },
    {
      "i": 1,
      "S": 1.1651409011705622,
      "T1": 0.4769314396266487,
      "T2": 2.2957502199391024,
      "T3": 1.575366071489228e-16,
      "pick_S": "They are less than 100 metres apart: on Tuesday in Gutach, the new B 33 pedestrian lamp wa",
      "gold_best_same": false,
      "gen_same": true
    },
    {
      "i": 2,
      "S": 1.0756557182039406,
      "T1": 0.08729586051782248,
      "T2": 2.4724382273292043,
      "T3": 1.5134299991694827e-16,
      "pick_S": "Two facilities so close together, was it intentional or a prank?",
      "gold_best_same": false,
      "gen_same": true
    },
    {
      "i": 500,
      "S": 1.105557283403336,
      "T1": 0.9052164710699122,
      "T2": 1.7256742651596233,
      "T3": 1.6166352979209623e-16,
      "pick_S": "Lawyers must maintain the highest standards of integrity and instill trust and confidence ",
      "gold_best_same": true,
      "gen_same": true
    },
    {
      "i": 1500,
      "S": 1.1825630151764275,
      "T1": 0.8620049068218865,
      "T2": 1.9521360954949392,
      "T3": 1.5974069930632986e-16,
      "pick_S": "On the way, the mail can run through several other servers on the Internet.",
      "gold_best_same": false,
      "gen_same": true
    },
    {
      "i": 2500,
      "S": 1.1762125707925983,
      "T1": 1.0173493436631005,
      "T2": 1.7816795287341196,
      "T3": 1.5596052193858444e-16,
      "pick_S": "BI thanked the donors for the paint and all the helpers.",
      "gold_best_same": false,
      "gen_same": false
    }
  ],
  "elapsed_s": 5.4,
  "honesty": "No free-fit. No Qwen. Ranks are scale-free. Domain D_eff from archive table. Students only supply candidates. Formula ranks. If product is below student gen, refine seed arrangement \u2014 do not add knobs."
}