{
  "built_utc": "2026-07-21T18:27:20.793197+00:00",
  "method": "FSOT surface gap solve: densify T1/T2/T3 shortfall; law K fixed",
  "law_panel_linguistic": {
    "S": 0.6513247618848969,
    "T1": 0.5499552199094241,
    "T2": 1.0,
    "T3": 1.7070633668184452e-17,
    "formula": "S=K(T1+T2+T3)",
    "pin": "D1D38A",
    "note": "Law panel independent of fluency densify students"
  },
  "competitor_surface_bar": {
    "T1_surf": 0.649568,
    "T2_surf": 0.65,
    "T3_surf": 0.414,
    "S_surf": 0.72007842,
    "raw": 1.713568
  },
  "staged_bars": {
    "bleu1": 65.0,
    "bleu2_ratio": 0.45,
    "bleu4": 20.0,
    "u_f1": 55.0,
    "chrf": 45.0,
    "bp": 0.92,
    "coverage": 98.0
  },
  "before_overall": {
    "n": 6400,
    "bleu": 2.2,
    "bleu1": 45.87,
    "bleu2": 7.48,
    "bp": 0.5297,
    "u_prec": 45.87,
    "u_rec": 28.05,
    "u_f1": 34.81,
    "chrf": 25.07,
    "sacrebleu": 0.89,
    "token_coverage": 91.3
  },
  "after_overall": {
    "n": 6400,
    "bleu": 18.82,
    "bleu1": 86.86,
    "bleu2": 32.89,
    "bp": 0.7919,
    "u_prec": 86.86,
    "u_rec": 70.43,
    "u_f1": 77.78,
    "chrf": 61.47,
    "token_coverage": 100.0
  },
  "delta": {
    "bleu": 16.62,
    "bleu1": 40.99,
    "u_f1": 42.97,
    "chrf": 36.4
  },
  "focus_langs": [
    "zh",
    "ja",
    "ko",
    "hi",
    "tr",
    "ar",
    "de",
    "he",
    "ru",
    "la",
    "fr",
    "pl"
  ],
  "gaps_before": [
    {
      "lang": "zh",
      "metrics": {
        "bleu": 0.07,
        "bleu1": 20.58,
        "u_f1": 7.08,
        "chrf": 4.39,
        "bp": 0.0226,
        "cov": 46.77
      },
      "components": {
        "T1_surf": 0.036929,
        "T2_surf": 0.114122,
        "T3_surf": 0.000992,
        "S_surf": 0.06389176,
        "raw": 0.152043
      },
      "gaps": {
        "T1": 0.612639,
        "T2": 0.535878,
        "T3": 0.413008,
        "S": 0.65618666
      },
      "growth": 1.0002628,
      "densify_budget": 1.28478322,
      "priority": "T1"
    },
    {
      "lang": "ja",
      "metrics": {
        "bleu": 0.08,
        "bleu1": 24.66,
        "u_f1": 8.68,
        "chrf": 3.99,
        "bp": 0.0257,
        "cov": 45.04
      },
      "components": {
        "T1_surf": 0.04346,
        "T2_surf": 0.132522,
        "T3_surf": 0.001025,
        "S_surf": 0.07438253,
        "raw": 0.177008
      },
      "gaps": {
        "T1": 0.606108,
        "T2": 0.517478,
        "T3": 0.412975,
        "S": 0.64569589
      },
      "growth": 1.0002586,
      "densify_budget": 1.26424018,
      "priority": "T1"
    },
    {
      "lang": "ko",
      "metrics": {
        "bleu": 1.19,
        "bleu1": 40.54,
        "u_f1": 32.56,
        "chrf": 22.19,
        "bp": 0.6138,
        "cov": 82.05
      },
      "components": {
        "T1_surf": 0.31522,
        "T2_surf": 0.241478,
        "T3_surf": 0.136202,
        "S_surf": 0.29117151,
        "raw": 0.6929
      },
      "gaps": {
        "T1": 0.334348,
        "T2": 0.408522,
        "T3": 0.277798,
        "S": 0.42890691
      },
      "growth": 1.00017177,
      "densify_budget": 0.83974256,
      "priority": "T2"
    },
    {
      "lang": "hi",
      "metrics": {
        "bleu": 0.86,
        "bleu1": 31.74,
        "u_f1": 31.84,
        "chrf": 24.25,
        "bp": 1.0,
        "cov": 99.77
      },
      "components": {
        "T1_surf": 0.383682,
        "T2_surf": 0.186256,
        "T3_surf": 0.2425,
        "S_surf": 0.3414037,
        "raw": 0.812437
      },
      "gaps": {
        "T1": 0.265886,
        "T2": 0.463744,
        "T3": 0.1715,
        "S": 0.37867472
      },
      "growth": 1.00015165,
      "densify_budget": 0.74138733,
      "priority": "T2"
    },
    {
      "lang": "tr",
      "metrics": {
        "bleu": 1.58,
        "bleu1": 45.41,
        "u_f1": 35.39,
        "chrf": 25.94,
        "bp": 0.5689,
        "cov": 99.1
      },
      "components": {
        "T1_surf": 0.423242,
        "T2_surf": 0.26505,
        "T3_surf": 0.147573,
        "S_surf": 0.35124864,
        "raw": 0.835865
      },
      "gaps": {
        "T1": 0.226326,
        "T2": 0.38495,
        "T3": 0.266427,
        "S": 0.36882978
      },
      "growth": 1.00014771,
      "densify_budget": 0.72211105,
      "priority": "T2"
    },
    {
      "lang": "ar",
      "metrics": {
        "bleu": 2.58,
        "bleu1": 40.41,
        "u_f1": 35.07,
        "chrf": 25.77,
        "bp": 0.739,
        "cov": 96.94
      },
      "components": {
        "T1_surf": 0.40916,
        "T2_surf": 0.273272,
        "T3_surf": 0.19044,
        "S_surf": 0.36680002,
        "raw": 0.872873
      },
      "gaps": {
        "T1": 0.240408,
        "T2": 0.376728,
        "T3": 0.22356,
        "S": 0.3532784
      },
      "growth": 1.00014148,
      "densify_budget": 0.69166177,
      "priority": "T2"
    },
    {
      "lang": "de",
      "metrics": {
        "bleu": 2.29,
        "bleu1": 44.33,
        "u_f1": 36.41,
        "chrf": 26.02,
        "bp": 0.6483,
        "cov": 99.71
      },
      "components": {
        "T1_surf": 0.438455,
        "T2_surf": 0.299872,
        "T3_surf": 0.168688,
        "S_surf": 0.38114725,
        "raw": 0.907015
      },
      "gaps": {
        "T1": 0.211113,
        "T2": 0.350128,
        "T3": 0.245312,
        "S": 0.33893117
      },
      "growth": 1.00013573,
      "densify_budget": 0.66357036,
      "priority": "T2"
    },
    {
      "lang": "he",
      "metrics": {
        "bleu": 2.5,
        "bleu1": 50.61,
        "u_f1": 40.68,
        "chrf": 28.29,
        "bp": 0.6146,
        "cov": 95.62
      },
      "components": {
        "T1_surf": 0.467364,
        "T2_surf": 0.330828,
        "T3_surf": 0.17387,
        "S_surf": 0.4084814,
        "raw": 0.972062
      },
      "gaps": {
        "T1": 0.182204,
        "T2": 0.319172,
        "T3": 0.24013,
        "S": 0.31159702
      },
      "growth": 1.00012478,
      "densify_budget": 0.61005141,
      "priority": "T2"
    },
    {
      "lang": "ru",
      "metrics": {
        "bleu": 2.37,
        "bleu1": 50.74,
        "u_f1": 40.53,
        "chrf": 28.76,
        "bp": 0.6051,
        "cov": 97.8
      },
      "components": {
        "T1_surf": 0.477575,
        "T2_surf": 0.344811,
        "T3_surf": 0.174027,
        "S_surf": 0.41871445,
        "raw": 0.996413
      },
      "gaps": {
        "T1": 0.171993,
        "T2": 0.305189,
        "T3": 0.239973,
        "S": 0.30136397
      },
      "growth": 1.00012069,
      "densify_budget": 0.59001574,
      "priority": "T2"
    },
    {
      "lang": "la",
      "metrics": {
        "bleu": 2.24,
        "bleu1": 52.94,
        "u_f1": 41.15,
        "chrf": 29.25,
        "bp": 0.5648,
        "cov": 99.98
      },
      "components": {
        "T1_surf": 0.497043,
        "T2_surf": 0.334922,
        "T3_surf": 0.165204,
        "S_surf": 0.4190323,
        "raw": 0.99717
      },
      "gaps": {
        "T1": 0.152525,
        "T2": 0.315078,
        "T3": 0.248796,
        "S": 0.30104612
      },
      "growth": 1.00012056,
      "densify_budget": 0.58939341,
      "priority": "T2"
    },
    {
      "lang": "fr",
      "metrics": {
        "bleu": 4.46,
        "bleu1": 47.39,
        "u_f1": 39.43,
        "chrf": 29.82,
        "bp": 0.669,
        "cov": 99.83
      },
      "components": {
        "T1_surf": 0.475465,
        "T2_surf": 0.338061,
        "T3_surf": 0.199496,
        "S_surf": 0.4256936,
        "raw": 1.013022
      },
      "gaps": {
        "T1": 0.174103,
        "T2": 0.311939,
        "T3": 0.214504,
        "S": 0.29438482
      },
      "growth": 1.00011789,
      "densify_budget": 0.57635105,
      "priority": "T2"
    },
    {
      "lang": "pl",
      "metrics": {
        "bleu": 2.46,
        "bleu1": 52.52,
        "u_f1": 40.93,
        "chrf": 30.72,
        "bp": 0.5684,
        "cov": 98.72
      },
      "components": {
        "T1_surf": 0.487389,
        "T2_surf": 0.371378,