{
  "built_utc": "2026-07-18T12:14:31.498897+00:00",
  "core_only_partial": 0.16478989288656962,
  "core_only_exact": 0.021971985718209283,
  "n_test": 3641,
  "by_lang": {
    "la": {
      "n": 1616,
      "exact": 0.011757425742574257,
      "partial": 0.20544554455445543
    },
    "grc": {
      "n": 1068,
      "exact": 0.03089887640449438,
      "partial": 0.15823970037453183
    },
    "ang": {
      "n": 537,
      "exact": 0.04655493482309125,
      "partial": 0.11173184357541899
    },
    "en": {
      "n": 418,
      "exact": 0.0023923444976076554,
      "partial": 0.08851674641148326
    }
  },
  "prior_core_only_partial": 0.162,
  "delta_pp": 0.27898928865696115,
  "methods": "Whitaker-style prefix peel + content-prefer inject + deriv stems + reverse morph (FSOT-safe)",
  "oss_notes": "docs/OSS_TRANSLATOR_METHODS.md"
}