{
  "built_utc": "2026-07-18T12:53:21.869939+00:00",
  "core_only_partial": 0.17781486712029784,
  "core_only_exact": 0.020413403517781488,
  "n_test": 7789,
  "n_train": 69832,
  "by_lang": {
    "la": {
      "n": 4160,
      "exact": 0.01971153846153846,
      "partial": 0.2329326923076923
    },
    "grc": {
      "n": 2006,
      "exact": 0.020937188434695914,
      "partial": 0.14356929212362912
    },
    "ang": {
      "n": 913,
      "exact": 0.029572836801752465,
      "partial": 0.07886089813800658
    },
    "en": {
      "n": 708,
      "exact": 0.00847457627118644,
      "partial": 0.07627118644067797
    }
  },
  "prior_v012": 0.1662,
  "delta_vs_v012_pp": 1.1614867120297856,
  "meaningful": false,
  "stack": "core_lemma_seeds+synonym_soft+dense_paradigms+declension"
}