{
  "built_utc": "2026-07-18T12:42:27.848014+00:00",
  "core_only_partial": 0.17688467938051966,
  "core_only_exact": 0.020862664789453474,
  "n_test": 7813,
  "n_train": 69719,
  "n_core_gold": 77532,
  "by_lang": {
    "la": {
      "n": 4168,
      "exact": 0.01991362763915547,
      "partial": 0.23104606525911708
    },
    "grc": {
      "n": 2016,
      "exact": 0.022817460317460316,
      "partial": 0.14434523809523808
    },
    "ang": {
      "n": 919,
      "exact": 0.029379760609358,
      "partial": 0.0794341675734494
    },
    "en": {
      "n": 708,
      "exact": 0.007062146892655367,
      "partial": 0.0748587570621469
    }
  },
  "prior_v012": 0.1662,
  "delta_vs_v012_pp": 1.0684679380519673,
  "delta_vs_16_2_pp": 1.4884679380519654,
  "meaningful": false,
  "stack": "dense_short_lemmas+declension_first+domain_sense"
}