{
  "built_utc": "2026-07-18T06:06:17.284047+00:00",
  "core_only_partial": 0.16204339467179346,
  "core_mixed_partial": 0.1625926943147487,
  "name_open_train_seeds": 0.1708701134930643,
  "name_open_pleiades": 0.18095838587641866,
  "name_deployed": 0.7944514501891551,
  "pleiades_forms": 66435
}